url,scrape_time,uuid,title,company,location,job_content,employer,deadline,stillingstittel,oppstart,type_ansettelse,arbeidstid,arbeidsspr√•k,antall_stillinger,contact_person,stillingsnummer,hentet_fra,referanse
https://arbeidsplassen.nav.no/stillinger/stilling/820aeed4-1aa5-4fee-a179-ebdb818d6ea9,2024-10-25 23:29:03,820aeed4-1aa5-4fee-a179-ebdb818d6ea9,Serviceinnstilt kino- og kioskvert til Harstad Kino,Harstad Kulturhus As,"Erlings gate 3, 9405 Harstad, Hjemmekontor ikke mulig","Er du kreativ, √•pen, arbeidsom, positiv og villig til √• by p√• deg selv? Er du glad i film og kinogodteri? Da er du den rette medarbeideren for oss p√• Harstad Kino. Vi s√∏ker en serviceinnstilt kinovert i 50% i et vikariat frem til 10. januar 2026.
Arbeidsoppgaver:

Kundebehandling, salg og service. Kioskarbeid. Tekniske oppgaver i forbindelse med filmavvikling. Vareeksponering i forbindelse med b√•de kiosk og film. Markedsf√∏ring i v√•re kanaler i sosiale medier, inkludert √• st√• frem i disse kanalene. V√¶re med √• lage arrangement rundt filmpremierer, inkludert √• kle deg ut. Jobben er fysisk krevende med for eksempel l√∏fting av varer og det √• m√•tte st√• i lengre perioder.

Forefallende arbeid

Jobben foreg√•r hovedsakelig p√• kveldstid, noe dagtid, i helger og hverdager, p√• helligdager inkludert jul og p√•ske.

Kvalifikasjoner

Gjerne tidligere erfaring ved √• jobbe i kiosk eller butikk

Kunne med sosiale medier

Gode datakunnskaper

Personlige egenskaper

Serviceinnstilt

Gode samarbeids- og kommunikasjonsevner

Evne til √• ta ansvar og jobbe selvstendig, s√• vel som i team

S√∏knadsfrist: snarest, men senest 15. november. Send s√∏knad til kinosjef Helene Hokland p√• epostaddresse helene@harstadkino.no Ta gjerne kontakt p√• forh√•nd om du har sp√∏rsm√•l om stillingen p√• epost eller mobil 48368318. Om du har s√∏kt p√• jobb p√• Harstad Kino f√∏r, s√∏k gjerne igjen.
Arbeidsgiver: Harstad Kulturhus
Stillingstittel: Kinovert
Stillinger: 1
Heltid/deltid: Deltid
Stillingsprosent: 50%, midlertidig
Oppstart: 9. desember eller etter avtale
M√• v√¶re 18 √•r eller over.","Harstad Kino, som er under Harstad Kulturhus AS, har i snitt 60 000 bes√∏k i √•ret, og rundt 2400 forestillinger i √•ret.",S√∏k senest fredag 15. november,Kinobetjent,9. desember 2024,"Vikariat, deltid 50%","Turnus, dagtid og kveld, alle dager",Norsk,1,Kontaktperson for stillingenHelene HoklandKinosjef48368318Kopier telefonnummerhelene@harstadkino.noKopier e-postadresse,2776694,Stillingsregistrering,820aeed4-1aa5-4fee-a179-ebdb818d6ea9
https://arbeidsplassen.nav.no/stillinger/stilling/7949e861-1c6c-4143-af4d-3e736824b073,2024-10-25 23:29:04,7949e861-1c6c-4143-af4d-3e736824b073,Engasjert medarbeider s√∏kes,Shell Br√∏nn√∏ysund,"S√∏mnaveien 103, 8900 Br√∏nn√∏ysund, Hjemmekontor ikke mulig","

Hva vi ser etter
Om du mener du er v√•r nye medarbeider og kollega s√• kjenner du deg igjen i f√∏lgende punkter:

Trives med salg, mersalg og service

Jobber godt i team og alene

Fleksibel og har h√∏y arbeidskapasitet

Trigges av √• n√• m√•lsettinger

Bidrar til et positivt og inkluderende arbeidsmilj√∏

Liker skiftarbeid (dag, kveld og natt)

M√• v√¶re over 18 √•r

M√• beherske norsk muntlig og skriftlig

 


Arbeidsoppgaver
Stillingen inneb√¶rer de arbeidsoppgaver som faller inn under driften av en moderne energistasjon med fokus p√•:

Salg og mersalg

Produksjon av f√∏rsteklasses matprodukter

Varep√•fylling

Renhold og oppf√∏lging av bedriftens IK-mat rutiner



Vi tilbyr
Ved siden av √• tilby en hektisk og energisk arbeidsplass med et bredt spekter av arbeidsoppgaver kan vi tilby:

God oppl√¶ring i rollen

Gode kolleger

Konkurransedyktig betingelser

Spennende utviklingsmuligheter i et selskap under en solid merkevare

L√∏nn etter tariff

I Helgeland stasjonene er vi alle like og ulike. Mangfoldet beriker oss.","Shell Br√∏nn√∏ysund er en d√∏gn√•pen energistasjon, som selger b√•de drivstoff, kioskvarer, mat og bilvask. Shell Br√∏nn√∏ysund er en av tre Shell stasjoner p√• helgeland som drives av Helgeland Stasjonene AS
Vi setter trivsel og arbeidsmilj√∏ h√∏yt og jobber hver dag for at v√•re medarbeidere skal ha en fin dag p√• jobb!",S√∏k senest fredag 15. november,Butikkmedarbeider,Etter avtale,"Fast, deltid 80%","Skift, kveld, natt og dagtid, alle dager",Norsk eller skandinavisk,2,Kontaktperson for stillingenBelinda TysselandButikksjef90249525Kopier telefonnummerbrs@helgelandstasjonene.noKopier e-postadresse,2776689,Stillingsregistrering,7949e861-1c6c-4143-af4d-3e736824b073
https://arbeidsplassen.nav.no/stillinger/stilling/c4efb0f1-d6e2-4fc2-a389-d33921cbe94b,2024-10-25 23:29:05,c4efb0f1-d6e2-4fc2-a389-d33921cbe94b,Billakkerer/Smart Repair s√∏kes for snarlig ansettelse.,Easyrepair As,"C.O Lundsgt 5 , 3043 Drammen, Norge, Hjemmekontor ikke mulig","Vi s√∏ker en bilintressert person for vedlikehold,lakkutbedring og polering av biler.
Erfaring med lakkering/Smart Repair er en fordel men ingen betingelse. Oppl√¶ring vil bli gitt.
F√∏rerkort er ett krav.","EasyRepair driver med vedlikehold,skade og lakk p√• lette kj√∏ret√∏y. V√•re oppdragsgivere er mange,som private,bilforhandlere (nytt og brukt) samt Vestre Viken,s Ambulanser.",S√∏k senest fredag 15. november,Billakkerer,Etter avtale,"Fast, heltid 100%","Dagtid, ukedager",Norsk,1,Kontaktperson for stillingenRoy Bostr√∏mDaglig Leder+4796517929Kopier telefonnummerpost@easyrepair.noKopier e-postadresse,2776688,Stillingsregistrering,c4efb0f1-d6e2-4fc2-a389-d33921cbe94b
https://arbeidsplassen.nav.no/stillinger/stilling/af29d1c9-8363-4f6b-804a-dae467293306,2024-10-25 23:29:06,af29d1c9-8363-4f6b-804a-dae467293306,TAXISJ√ÖF√òR,K.ringberg Kran Og Transport As,"Ringveien 99, 9018 Troms√∏, Hjemmekontor ikke mulig","

Hva vi ser etter
Ansvarsfull sj√•f√∏r s√∏kes


Arbeidsoppgaver
Vi s√∏ker etter taxi sj√•f√∏r i fast stilling...h√∏y prosent andel
48%
M√• ha f√∏rerkort og kj√∏reseddel
M√• v√¶re h√∏flig √• flink forsiktig sj√•f√∏r


Vi tilbyr
Fast jobb og h√∏y prosentandel
nytt utstyr
ikke el.bil","K.Ringberg kran og transport as er en lokal forankret bedrift i Troms√∏.
Vi driver med Taxi og minibusser",S√∏k senest tirsdag 5. november,Taxisj√•f√∏r,2. november 2024,"Fast, heltid 100%","Skift, dagtid, kveld og natt, alle dager","Norsk, skandinavisk eller engelsk",1,Kontaktperson for stillingenKenneth RingbergDaglig Leder93212446Kopier telefonnummerpost@ringbergtransport.noKopier e-postadresse,2776687,Stillingsregistrering,af29d1c9-8363-4f6b-804a-dae467293306
https://arbeidsplassen.nav.no/stillinger/stilling/fa62aa3a-8697-417f-9b57-f1d67165513d,2024-10-25 23:29:08,fa62aa3a-8697-417f-9b57-f1d67165513d,SJ√ÖF√òR MINIBUSS,K.ringberg Kran Og Transport As,"Ringvegen 99, 9018 Troms√∏, Troms√∏, Hjemmekontor ikke mulig","Vi s√∏ker etter en ansvarlig sj√•f√∏r til en av v√•re minibusser for hovedsakelig kj√∏ring p√• Nordlys turisme for sesongen 2024-2025
oppstart NOVEMBER 2024
Dette er en jobb som krever f√∏rerkort kl.D1 og norsk kj√∏reseddel for persontransport+YSK
Vi er behjelpelig med ysk for rette person
Dette er en meget godt betalt jobb for rette mann/kvinne med ordnede pensjon og forsikringer.....M√• kunne minimum engelsk men flerspr√•kelig vil bli foretrukket.
Fullstendig oppl√¶ring vil bli gitt...Vi har et veldig godt milj√∏ og fine lokaler p√•
Ringvegen 99
S√òKER M√Ö BO I TROMS√ò/OMEGN ELLER HA MULIGHET FOR BOPLASS...VI HAR IKKE BOPLASS √Ö TILBY.",K.Ringberg er en lokalt forankret bedrift i Troms√∏ som driver med diverse transporttjenester.,S√∏k senest tirsdag 5. november,Sj√•f√∏r (buss),4. november 2024,"Sesong, heltid 100%","Turnus, kveld og natt, alle dager",Engelsk,3,Kontaktperson for stillingenKENNETH RINGBERGDAGLIG LEDER93212446Kopier telefonnummerpost@ringbergtransport.noKopier e-postadresse,2776686,Stillingsregistrering,fa62aa3a-8697-417f-9b57-f1d67165513d
https://arbeidsplassen.nav.no/stillinger/stilling/7526b80e-ef6d-447b-85a8-de5670bffd2f,2024-10-25 23:29:09,7526b80e-ef6d-447b-85a8-de5670bffd2f,Vi s√∏ker kj√∏kkenmedarbeider hos Jordb√¶rpikene Buskerud,Jordb√¶rpikene Buskerud As,"Sandsgata 20, 3055 Krokstadelva, Hjemmekontor ikke mulig","√ònsker du √• jobbe et sted hvor maten er genuint velsmakende og hjemmelaget? Da er Jordb√¶rpikene det √•penbare valget!
I Jordb√¶rpikene f√•r du bli en del av en gjeng som ELSKer jobben sin og har det g√∏y hver eneste dag. For √• klare det, trenger vi enda flere jordb√¶r med p√• laget üçìVi p√• Buskerud s√∏ker Kj√∏kkenmedarbeidertil en deltids stilling. Det vil v√¶re mer jobb i desember. Du kan gjerne v√¶re student som √∏nsker √• jobbe en kveld i uken og annenhver l√∏rdag.
Vi √∏nsker mangfold og variasjon blant v√•re medarbeidere og √∏nsker derfor √• komme i kontakt med kvalifiserte s√∏kere uavhengig av etnisk bakgrunn, kj√∏nn eller alder.
I jordb√¶r√•keren finnes det flust av muligheter. Hvorfor skal du velge Jordb√¶rpikene?
Med Jordb√¶rpikene f√•r du sjansen til √• v√¶re med p√• en unik reise. Vi er et godt etablert konsept der v√•re kafeer har en varm og avslappet atmosf√¶re, samtidig som tempoet er h√∏yt. Du vil v√¶re del av et milj√∏ hvor det legges til rette for samspill med dine kolleger der alle gleder seg til √• g√• p√• jobb som er essensielt for √• lykkes hos oss. Du kan forvente god oppl√¶ring og faglig p√•fyll hos oss üßë‚Äçüç≥
Som kj√∏kkenmedarbeider er du genuint interessert i √• servere gode matopplevelser. Du utstr√•ler v√•re verdier, er en lagspiller som byr p√• seg selv. Lidenskap for √• skape gode gjsteopplevelser.
Det er en fordel dersom du:

Har erfaring fra kj√∏kken, kokkebakgrunn med eller uten fagbrev

Kan ogs√• like √• jobbe ute i kafe

Har god kunnskap om IK-mat og HMS

Trives i et hektisk arbeidsmilj√∏ med h√∏yt tempo

Er selvstendig og kan ta egne avgj√∏relser

Kan jobbe dag, kveld og annenhver l√∏rdag

Er over 20 √•r

I Jordb√¶rpikene har vi matretter og bakst som lages p√• v√•re egne oppskrifter. Vi √∏nsker oss deg som p√• en effektiv og engasjert m√•te er med p√• √• produsere og levere v√•r meny etter v√•re standarder. Vi √∏nsker gjestene velkommen med et herlig ekte smil - hver dag ogs√• n√•r det er som mest hektisk.
V√•re verdier oppsummeres i ordet ELSKüíõ og f√∏rer vei i v√•r arbeidshverdag:

EIERSKAP - Vi er stolte ambassad√∏rer som tar ansvar for hele virksomheten - √∏konomisk og sosialt. Aldri halvveis, aldri litt.

LIDENSKAP - Vi brenner for jobben v√•r, trives i et sultent prestasjonsmilj√∏ og har et varmt hjerte for mat og mennesker.

SAMSPILL - Vi spiller hverandre gode, unner andre suksess og vet at vi alltid presterer sterkest sammen.

KREMMER√ÖND - Vi er offensive og griper muligheter for utvikling og vekst. Vi vet at gode resultater kommer av √• skape og gjenskape fine gjesteopplevelser - bedre for hver dag.

Har du sp√∏rsm√•l er du hjertlig velkommen til √• ta kontakt med Caf√®eier Kine √òlstadp√• mail: buskerud@jbp.no","Jordb√¶rpikene er en koselig m√∏teplass hvor du kan senke skuldrene og nyte et godt m√•ltid med hjemmelaget mat. Eller kose deg med litt kaffe og kake mens du sl√•r av en prat med noen du liker √• v√¶re sammen med.
B√•de mat og kaker lager vi fra bunnen av, med sesongens friske r√•varer. Vi er derfor et naturlig m√∏tested for alt fra kaffe og kaker til lunsj og middag. Maten serverer vi med et stolt smil om munnen, og, vi er s√• forn√∏yd med oppskriftene v√•re at vi gjerne deler dem med deg.",S√∏k snarest mulig,Kokk,1. november 2024,"Fast, deltid 30%","Skift, dagtid og kveld, ukedager og l√∏rdag",Norsk eller skandinavisk,1,Kontaktperson for stillingenKine √òlstadDaglig lederbuskerud@jbp.noKopier e-postadresse,2776685,Stillingsregistrering,7526b80e-ef6d-447b-85a8-de5670bffd2f
https://arbeidsplassen.nav.no/stillinger/stilling/f496cf15-bf7d-43a5-a359-d1489a1cfe08,2024-10-25 23:29:10,f496cf15-bf7d-43a5-a359-d1489a1cfe08,Vi ser etter skjulte talenter! Er det deg?,EV HUB AS,"Str√∏msveien 179, 0665 Oslo, Hjemmekontor ikke mulig","

Hva vi ser etter
Vi ser etter deg som har fagbrev som bilmekaniker, elektriker eller elektroreparat√∏r. Men ogs√• deg som har minst 2 √•rs erfaring med de relevante arbeidsoppgavene hvis du ikke har fagbrev. Det viktigste for oss er din praktiske erfaring og evne til √• h√•ndtere tekniske utfordringer p√• elektriske og hybridbiler.
Vi √∏nsker personer som er n√∏yaktig, l√∏sningsorientert, og som trives med √• arbeide med moderne diagnoseverkt√∏y og teknisk dokumentasjon. Dersom du brenner for teknologi og har en interesse for √• utvikle dine ferdigheter innen bilreparasjoner, kan du v√¶re den vi ser etter.


Arbeidsoppgaver

Feils√∏ke elektriske og hybridbiler for √• identifisere og l√∏se tekniske problemer.

Utf√∏re diagnostikkved hjelp av avanserte verkt√∏y og utstyr for √• sikre korrekt feilretting.

Bytte ut defekte deler og installere nye komponenterfor √• sikre at kj√∏ret√∏yene er i topp stand.

Bruke teknisk litteratur og manualer som st√∏tte i arbeidshverdagen for √• f√∏lge produsentens retningslinjer og sikre h√∏y kvalitet p√• utf√∏rte oppgaver.



Vi tilbyr
Hos EV HUB f√•r du muligheten til √• utvikle dine ferdigheter innen elbilteknologi sammen med et innovativt og dyktig team. Vi tilbyr en spennende arbeidshverdag med varierte oppgaver, der du kan fordype deg i alt fra programmering og feils√∏king til avanserte reparasjoner og utvikling av spesialverkt√∏y.
Som en del av v√•rt team f√•r du tilgang til praktisk oppl√¶ring, ekspertr√•dgivning og kurs som st√∏tter din profesjonelle vekst. I tillegg verdsetter vi fleksibilitet og tilbyr konkurransedyktige betingelser. Hos EV HUB blir du en del av en b√¶rekraftig bransje der ditt arbeid bidrar til en gr√∏nnere fremtid for transportsektoren.
I denne stillingen f√•r du tittelen Reparing Mechanic.","EV HUB er et teknologiselskap som revolusjonerer tjenester for elbiler (EV) i Norden. Vi tilbyr en innovativ EV-tjenesteplattform og et √∏kosystem av b√¶rekraftige, remanufakturerte h√∏yspenningskomponenter for verkstedkjeder.
V√•r skybaserte plattform analyserer data fra elbiler for √• oppdage feil i h√∏yspenningskomponenter gjennom hele livssyklusen. Vi leverer dynamiske, skreddersydde inspeksjonsrapporter, som gir EV-bransjen handlingsrettede innsikter.
EV HUB samarbeider med tredjeparts verkstedkjeder, forsikringsselskaper, bilprodusenter (OEM), batteriprodusenter og leverand√∏rer av brukte bildeler for √• bygge et solid √∏kosystem for b√¶rekraftig vedlikehold og reparasjon av elbiler.",S√∏k snarest mulig,Mekaniker,Etter avtale,"Fast, heltid 100%","Dagtid, ukedager","Norsk, skandinavisk, engelsk eller samisk",2,Kontaktperson for stillingenFarooq NassirCEO98451867Kopier telefonnummernfa@evhub.noKopier e-postadresse,2776683,Stillingsregistrering,f496cf15-bf7d-43a5-a359-d1489a1cfe08
https://arbeidsplassen.nav.no/stillinger/stilling/42fead52-5967-4301-83c0-7d0141e1aa37,2024-10-25 23:29:11,42fead52-5967-4301-83c0-7d0141e1aa37,Vi ser etter skjulte perler! Er det deg?,EV HUB AS,"Str√∏msveien 179, 0665 Oslo, Hjemmekontor ikke mulig","

Hva vi ser etter
Vi ser etter deg som har ingeni√∏rutdanning innen elektro, maskin eller mekanikk - eller deg som har minst 2 √•rs erfaring med noen av de relevante arbeidsoppgavene. Det viktigste er din evne til raskt √• sette deg inn i komplekse elektroniske og mekaniske systemer.
Har du erfaring med feils√∏king, programmering, eller arbeid med h√∏yspenningskomponenter, er det en stor fordel.
Vi s√∏ker personer som er nysgjerrig, l√¶revillig, og motivert til √• holde seg oppdatert p√• ny teknologi og innovative l√∏sninger. Du er strukturert, l√∏sningsorientert, og trives med √• h√•ndtere varierte oppgaver i et dynamisk milj√∏.


Arbeidsoppgaver

Programmering av programvare: Delta i utviklingen av avanserte programvarel√∏sninger som forbedrer funksjonaliteten og ytelsen til elbiler.

Feils√∏king av CAN- og LIN-bus-signaler: Identifisere og l√∏se problemer i komplekse CAN- og LIN-bussystemer for √• sikre optimal kommunikasjon mellom elbilens komponenter.

L√∏se immobilizer-utfordringer: Utvikle kreative l√∏sninger for √• h√•ndtere immobilizer-systemer, slik at sikkerheten og funksjonaliteten til kj√∏ret√∏yet opprettholdes.

Overhaling av elektronikk: Reparere og gjenoppbygge elektroniske systemer for √• forlenge levetiden til h√∏yteknologiske komponenter.

Demontering og montering av h√∏yspenningskomponenter: H√•ndtere sikker demontering og installasjon av viktige h√∏yspenningskomponenter i elbiler.

Utvikling av testprosedyrer og rapportering: Lage testprosedyrer og utarbeide rapporter for √• sikre at komponenter og systemer fungerer som de skal.

Arbeid med spesialverkt√∏y og utvikling av nye l√∏sninger: Bruke spesialverkt√∏y for avanserte reparasjoner og utvikle nye verkt√∏y som forbedrer verkstedets evne til √• m√∏te fremtidige utfordringer.



Vi tilbyr
Hos EV HUB f√•r du muligheten til √• utvikle dine ferdigheter innen elbilteknologi sammen med et innovativt og dyktig team. Vi tilbyr en spennende arbeidshverdag med varierte oppgaver, der du kan fordype deg i alt fra programmering og feils√∏king til avanserte reparasjoner og utvikling av spesialverkt√∏y.
Som en del av v√•rt team f√•r du tilgang til praktisk oppl√¶ring, ekspertr√•dgivning og kurs som st√∏tter din profesjonelle vekst. I tillegg verdsetter vi fleksibilitet og tilbyr konkurransedyktige betingelser. Hos EV HUB blir du en del av en b√¶rekraftig bransje der ditt arbeid bidrar til en gr√∏nnere fremtid for transportsektoren.
I denne stillingen f√•r du tittelen Reverse Engineer eller Research and Development Technician.","EV HUB er et teknologiselskap som revolusjonerer tjenester for elbiler (EV) i Norden. Vi tilbyr en innovativ EV-tjenesteplattform og et √∏kosystem av b√¶rekraftige, remanufakturerte h√∏yspenningskomponenter for verkstedkjeder.
V√•r skybaserte plattform analyserer data fra elbiler for √• oppdage feil i h√∏yspenningskomponenter gjennom hele livssyklusen. Vi leverer dynamiske, skreddersydde inspeksjonsrapporter, som gir EV-bransjen handlingsrettede innsikter.
EV HUB samarbeider med tredjeparts verkstedkjeder, forsikringsselskaper, bilprodusenter (OEM), batteriprodusenter og leverand√∏rer av brukte bildeler for √• bygge et solid √∏kosystem for b√¶rekraftig vedlikehold og reparasjon av elbiler.",S√∏k snarest mulig,Ingeni√∏r (elektroteknikk),Etter avtale,"Fast, heltid 100%","Dagtid, ukedager","Norsk, skandinavisk, engelsk eller samisk",2,Kontaktperson for stillingenFarooq NassirCEO98451867Kopier telefonnummernfa@evhub.noKopier e-postadresse,2776681,Stillingsregistrering,42fead52-5967-4301-83c0-7d0141e1aa37
https://arbeidsplassen.nav.no/stillinger/stilling/697683c0-214f-4085-aae0-22cca4d1ee4f,2024-10-25 23:29:13,697683c0-214f-4085-aae0-22cca4d1ee4f,"Er du en utpreget nattugle, som trives best med √• jobbe natt?",WRK Bemanning AS,"Stavanger, Sandnes, Hjemmekontor ikke mulig","WRK Bemanning s√∏ker v√•kne nattevakter som √∏nsker √• skape en trygg og stabil hverdag for barn og unge p√• barnevernsinstitusjon. Vi s√∏ker deg med en genuin interesse for √• jobbe med ungdom, og som har evnen til √• skape tillitsfulle relasjoner. Hos oss vil du spille en viktig rolle i √• bidra til ungdommenes trygghet om natten.
Dette er en stilling som kan passe deg som er student, nyutdannet eller som har lengre erfaring fra arbeid med ungdom. Enten om du er milj√∏terapeut og har en relevant helsefaglig bachelor, eller om du er milj√∏arbeider med relevant erfaring - oppfordrer vi deg til √• s√∏ke. Erfaring fra institusjonsarbeid, helse- og omsorgsbolig eller psykiatri vil v√¶re en fordel.
Det er prim√¶rt behov i v√•ken nattevaktturnus, men det kan ogs√• finnes mulighet til d√∏gnturnus for de rette kandidatene.
Vi √∏nsker √• tilrettelegge arbeidet s√• langt det lar seg gj√∏re, ogs√• for deg som har studier, annen jobb eller andre forpliktelser ved siden av. Vi tar fortl√∏pende vurderinger etter de krav og kriterier som stillingene krever, og vi vil ha dialog med deg underveis for √• kartlegge dine muligheter hos oss.
Avdelingene er plassert i Stavanger, Sandnes og omegn. Omfang, geografi og behov kan du f√• mer informasjon av oss underveis i rekrutteringsprosessen.
Kvalifikasjoner:

Erfaring fra barneverninstitusjon, helse- og omsorgsbolig eller psykiatri

F√∏rerkort klasse B

Gyldig politiattest i henhold til gjeldende lovverk

Hvem er du?

Du er fleksibel og p√•litelig

Du er selvstendig og l√∏sningsorientert

Du er handlekraftig, og tar initiativ n√•r du ser et behov

Du har evnen til √• takle utfordrende situasjoner og stress

Du er en lagspiller som er tydelig i din kommunikasjon

I WRK Bemanning f√•r du:

Spisset oppl√¶ring innenfor lovverket du skal jobbe i

Ulike erfaringer hos en eller flere profesjonelle oppdragsgivere og samarbeidspartnere

Vi spisser dine muligheter til arbeid ut ifra rett kompetanse og erfaring du har fra tidligere arbeid

Ta del i et faglig og sosialt fellesskap med kompetanse og kvalitet som kilde i alt vi gj√∏r

Du har samme rettigheter gjennom WRK Bemanning som du har hos andre arbeidsgivere, vi er din arbeidsgiver og f√∏lger deg tett opp

Tilgang til v√•rt nettverk innenfor helse- og sosialsektor

S√∏knader behandles fortl√∏pende og det oppfordres til √• s√∏ke s√• snart som mulig.","WRK er et moderne og nytenkende bemanningsselskap med h√∏y kompetanse innenfor helse og sosialfeltet med ekstra fokus p√• bemanning innenfor barnevern, helse og omsorg, psykiatri og oppvekst.
Vi jobber kontinuerlig med kompetanseheving, utvikling og trivsel. Vi har et stort og bredt nettverk av engasjerte og profesjonelle oppdragsgivere som trenger din arbeidskraft.",S√∏k senest fredag 15. november,Milj√∏arbeider (barne- og ungdomsarbeid),Etter avtale,"Fast, heltid 100%","Turnus, natt, alle dager",Norsk,3,Kontaktperson for stillingenMarte KraknesRekrutterings- og bemanningskonsulent+4746113436Kopier telefonnummermarte@wrkbemanning.noKopier e-postadresse,2776661,Stillingsregistrering,697683c0-214f-4085-aae0-22cca4d1ee4f
https://arbeidsplassen.nav.no/stillinger/stilling/9a8c0c95-8b73-493d-b45f-bdb40b67c444,2024-10-25 23:29:14,9a8c0c95-8b73-493d-b45f-bdb40b67c444,"Vi ser etter deg som har fart i kroppen, glimt i √∏yet og som motiveres av glade og forn√∏yde kunder","YX - House of Burger, avd Sortland","Havnegata 44, 8400 Sortland, Hjemmekontor ikke mulig","Vi s√∏ker 1 stk bensinstasjonsmedarbeider helg/natt til i v√•r bensinstasjon YX - House of Burger. Denne stillingen vil v√¶re p√• stasjons-avdeling. I hovedsak 20-30% stilling. Denne stillingen passer godt for ungdom!
Kundemassen v√•r √∏ker og House of Burger trenger dyktige medarbeidere til v√•r avdeling p√• Sortland. Du blir en del av en gjeng som trives med h√∏yt tempo og som har det g√∏y p√• jobb! Vi er en ung, men godt etablert, fastfood-kjede med meget godt omd√∏mme p√• mat, service og atmosf√¶re.
Kundene trives best n√•r maten er god og det er rent, pent og ryddig i restauranten. For √• ivareta dette trenger vi flere dyktige personer p√• jobb. Vi s√∏ker deg som trives med matlaging, er god venn med vaskekluten og som beholder smilet p√• gjennom hele vakten. Vi ser etter deg som elsker √• jobbe i team og som samtidig er god p√• egen tidsstyring - aldri halvveis, aldri litt.
Hos House of Burger vil du v√¶re en del av et milj√∏ hvor det legges til rette for samspill og utvikling. Du kan forvente god oppl√¶ring og faglig p√•fyll av oss. Vi har et godt arbeidsmilj√∏ hvor alle kan p√•virke og bli h√∏rt. Det er tette og gode relasjoner mellom ansatte og ledere.
Arbeidsoppgaver og ansvarsomr√•der

Skape gode matopplevelser!

Kundeservice og ekspedering i kassen.

Tilberede, montere, pakke og merke mat etter HOB oppskrifter og standard.

Rydde og rengj√∏re restaurant og kundetoalett

Opprettholde et rent og ryddig arbeidsmilj√∏ (stasjonsomr√•det ute/inne, lager, personalrom m.m.)

Utf√∏re rutinemessig renhold og vedlikehold p√• bedriftens utstyr.

Varemottak og varep√•fylling.

Vi tilbyr

Fleksibel arbeidstid (skiftordning med mulighet for tilpasning etter egne behov)

Ansvar og medbestemmelse

L√∏nn etter tariff

Trygg arbeidsplass i stadig utvikling

Vi ser etter deg som

Trives i et hektisk arbeidsmilj√∏ med h√∏yt tempo

Har et varmt hjerte for mat og mennesker

Liker √• spille andre gode

Liker √• prestere p√• et h√∏yt niv√•

Stiller opp p√• kort varsel ved kollegaers sykdom/frav√¶r","House of Burger er en ung og ambisi√∏s Fastfood-kjede tilknyttet bensinstasjoner p√• fire av v√•re fem avdelinger. (Harstad, Kongsvik, Lakselv, Saltdal og Sortland). V√•r slogan er: Badass food for badass people! Vi kompromisser ikke p√• kvalitet og v√•rt m√•l er √• v√¶re best p√• kunde- og matopplevelser langs vei!",S√∏k snarest mulig,Bensinstasjonsmedarbeider,Etter avtale,"Fast, deltid 20%","Turnus, kveld og natt, alle dager","Norsk, skandinavisk eller engelsk",1,Kontaktperson for stillingenMonica JohansenButikksjef99644883Kopier telefonnummermonica@hobnorge.noKopier e-postadresse,2776659,Stillingsregistrering,9a8c0c95-8b73-493d-b45f-bdb40b67c444
https://arbeidsplassen.nav.no/stillinger/stilling/744f799d-c45a-444d-8d98-9d6f305f7488,2024-10-25 23:29:16,744f799d-c45a-444d-8d98-9d6f305f7488,Soul Sessions Oslo s√∏ker administrativ leder,Soul Sessions Oslo,"√òvre Slottsgate 3, 0157 Oslo, Hybridkontor","LEDIG STILLING HOS SOUL SESSIONS OSLO
 
**Stillingstittel:**Administrativ leder
**Sted:**Oslo / Sentralen
**Rapporterer til:**Daglig leder og regnskapsf√∏rer (eksternt byr√•)
**Stillingsprosent:**40-50%
L√∏nnstrinn: mellom 49 og 55.
 
Hvem er du?
Er du en strukturert og detaljorientert person med gode lederegenskaper og solid erfaring innen regnskap og √∏konomi? √ònsker du √• v√¶re en del av et dynamisk team hvor du kan gj√∏re en forskjell? Vi leter etter en engasjert administrativ leder som kan h√•ndtere en variert arbeidsdag med b√•de administrative oppgaver og √∏konomisk oppf√∏lging. Hos oss vil du v√¶re en n√∏kkelperson som st√∏tter ledelsen og bidrar til √• sikre en effektiv drift av organisasjonen.
Dine viktigste arbeidsoppgaver blir:

Fremdrift av driftsoppgaver/kontoroppgaver h√•ndtering av innkommende henvendelser, posth√•ndtering, og koordinering av m√∏ter.

Ansvar for l√∏nnskj√∏ring og oppf√∏lging av l√∏nnsrelaterte oppgaver.

Utf√∏re daglig regnskapsf√∏ring, inkludert bokf√∏ring, fakturering, avstemminger og rapportering.

Utarbeidelse av periodiske regnskapsrapporter (m√•neds- og kvartalsavslutning).

Budsjettoppf√∏lging og √∏konomisk analyse.

Bist√• med √•rsoppgj√∏r og samarbeid med regnskapsf√∏rer.

Prosjektoppf√∏lging og st√∏tte til andre avdelinger ved behov.

Mindre administrative ad-hoc oppgaver.

Vi √∏nsker at du har:

Utdanning innen regnskap, √∏konomi, administrasjon eller tilsvarende. Relevant erfaring kan kompensere for manglende formell utdanning.

Ledererfaring og/eller gode lederegenskaper.

Minimum 3 √•rs erfaring fra tilsvarende stilling.

God kunnskap om regnskapssystemer (Tripletex).

Erfaring med Excel og √∏konomisk analyseverkt√∏y.

God forst√•else for norsk regelverk innen regnskap og l√∏nn.

Sterk struktur, n√∏yaktighet og evne til √• h√•ndtere flere oppgaver samtidig.

Gode kommunikasjonsevner b√•de muntlig og skriftlig p√• norsk.

Som person er du:

Selvstendig med gode samarbeidsevner

L√∏sningsorientert og initiativrik

Opptatt av √• skape godt arbeidsmilj√∏

N√∏yaktig og opptatt av detaljer, men samtidig se helhet

God evne til √• prioritere og h√•ndtere tidspress

Hos oss vil du oppleve:

En variert arbeidsdag i et dynamisk og trivelig arbeidsmilj√∏

Muligheter for faglig utvikling og kompetanseheving

Fleksibilitet i arbeidsform og tid

 
S√∏knadsfrist: 10.11.24
Aktuelle kandidater kontaktes innen 13.11.24
For sp√∏rsm√•l om stillingen, kontakt Mathias Jin Budtz p√• 48420620 eller mathias@soulsessionsoslo.com
S√∏knad og CV sendes til post@soulsessionsoslo.com","Soul Sessions Oslo er en ideell organisasjon som skaper inkluderende plattformer for utveksling og utvikling, innen street- og clubdance-kulturen i Norge. Vi jobber for at kulturen skal v√¶re tilgjengelig for alle uansett erfaring og alder. Med 15 √•r i feltet har vi etablert oss som Norges fremste kunnskapsressurs for streetdance. Vi skaper plattformer som igjennom et sterkt fellesskap fremmer personlig vekst, kunstnerisk utveksling og kunnskapsdeling. I tillegg til √• ha base p√• Sentralen, avholdes flere arrangementer rundt omkring i Oslo og landet, gjennom ulike samarbeider og v√•rt ungdomsprosjekt Soul Sessions Community.",S√∏k senest s√∏ndag 10. november,Administrativ leder,Etter avtale,"Fast, deltid 40-50%","Dagtid, ukedager",Norsk eller skandinavisk,1,Kontaktperson for stillingenMathias Jin Budtz48420620Kopier telefonnummermathias@soulsessionsoslo.comKopier e-postadresse,2776655,Stillingsregistrering,744f799d-c45a-444d-8d98-9d6f305f7488
https://arbeidsplassen.nav.no/stillinger/stilling/0aef2ca8-a47b-4a28-9af5-28351b059986,2024-10-25 23:29:17,0aef2ca8-a47b-4a28-9af5-28351b059986,Vi trenger flere flinke fris√∏rer,ET H√•rstudio Knarvik As,"Kvernhusmyrane 21, 5914 Isdalst√∏, Vestland, Bergen, Hjemmekontor ikke mulig","Er du en dyktig fris√∏r og en identitets r√•dgiver?
For mange mennesker er fris√∏ren den de r√•df√∏rer seg med n√•r de √∏nsker √• understreke eller fremheve sin stil eller personlighet.
Vi ser etter deg som har disse egenskapene og brenner for √• gj√∏re en god jobb for v√•re fantastiske kunder og √∏nsker √• v√¶re f√∏rstevalget til kundene v√•re.
E.T H√•rstudio forbereder seg til fremtiden og er i store endringer.
Vi trenger seri√∏se og dyktige folk med p√• laget for √• bidra til utvikling av fris√∏rfaget, b√¶rekraft og milj√∏vennlighet.
V√•r hovedleverand√∏r er Verdant da vi er opptatt av √• ta vare p√• planeten og milj√∏et rundt oss.
Det er flere stillinger, med ogs√• oppl√¶ring av l√¶rlinger/kurser m.m. S√∏ker m√• kunne snakke og skrive norsk og ha norskt fagbrev.
Vi kan tilby det meste for de rette, gode l√∏nnsbetingelser og utviklingsmuligheter.
Ta kontakt med Edel Teige p√• telefon 95104786 eller leder i v√•r avdeling i Knarvik Senter Henriette for en hyggelig prat eller send s√∏knad p√• firmapost@ethaarstudio.noÔøº","E.T H√•rstudio ble startet i 1989 i √Ösane Senter, og er n√• en av Bergens st√∏rste fris√∏rbedrifter med 5 filialer. Visjon og verdier V√•r visjon er √• se ""hele mennesket"". Dette gjelder v√•re kunder og v√•re ansatte.
""Hele mennesket"" er et vidt begrep som omhandler det du ser, men ogs√• de f√∏lelsene og tankene som r√∏rer seg p√• innsiden. Ansatte Vi har dyktige fris√∏rer som alltid er kurset innen det siste nye innen moter og trender. Hos E.T. H√•rstudio ser vi p√• v√•re ansatte som bedriftens st√∏rste ressurs og vi sender de p√• kurs til Milano, London, K√∏benhavn, Paris og Madrid for √• l√¶re det siste innenfor fris√∏r-faget og for √• bli inspirert til √• ut√∏ve fris√∏rfaget kreativt og profesjonelt.
V√•re fris√∏rer er alt fra unge nyutdannede til voksne erfarne fris√∏rer. Vi √∏nsker og gj√∏re v√•re kunder forn√∏yd og samtidig v√¶re en fris√∏rsalong for alle aldersgrupper. Dette tar vi som et bevis p√• at vi har mange forn√∏yde kunder og har en bred kompetanse p√• omr√•de med v√•re fargespesialister.",S√∏k senest l√∏rdag 30. november,Fris√∏r,Etter avtale,"Fast, heltid 100%","Vakt, dagtid og kveld, ukedager og l√∏rdag",Norsk eller engelsk,2,Kontaktperson for stillingenEdel TeigeLeder95104786Kopier telefonnummeredel@ethaarstudio.noKopier e-postadresse,2776650,Stillingsregistrering,0aef2ca8-a47b-4a28-9af5-28351b059986
https://arbeidsplassen.nav.no/stillinger/stilling/78bca621-58b4-4075-b785-d11a1bc1717e,2024-10-25 23:29:18,78bca621-58b4-4075-b785-d11a1bc1717e,Dyktig fris√∏rer s√∏kes,R√∏tter av E.T,"Markeveien 10, 5012 Bergen, Vestland, Hjemmekontor ikke mulig","Vi utvider R√∏tter-teamet og s√∏ker motiverte fris√∏rer som vil pushe kreative grenser og bli de beste i faget.
Du er:
Genuint interessert i moter og trender.Utadvendt, sosial og sitter kundeservice h√∏yt.Trives med √• jobbe i team. Vi hjelper hverandre!Engasjert, kreativ og kvalitetsbevisst.L√¶revillig, positiv og blid.Flink med sosiale medier.
... lidenskapelig opptatt av h√•r!
Vi tilbyr:
Et kreativt og faglig sterkt arbeidsmilj√∏.Jevnlig kursing og aktiviteter.Gode l√∏nnsbetingelser.Gode muligheter for faglig utvikling.Et godt og inkluderende arbeidsmilj√∏.En salong med fokus p√• fremtiden.
Kvalifikasjoner:
‚Ä¢ Du har fagbrev
‚Ä¢ Du er selvstendig og har evne til √• forst√• og arbeide med R√∏tter sitt konsept.
‚Ä¢ Du behersker norsk skriftlig og muntlig og er bosatt i Norge.
‚Ä¢ Du er opptatt av milj√∏.
‚Ä¢ Du har interesse for sosiale medier.
S√∏knad med dokumentasjon og referanser sendes til email: roetter@ethaarstudio.no.
Har du sp√∏rsm√•l om stillingen?
Kontakt Anette eller Vien p√• telefon:
55 23 22 92
Mail: roetter@ethaarstudio.no
Markeveien 10, 5012 Bergen
Om oss:
R√∏tter er et spennende fris√∏rkonsept, hvor fokuset er √• gi kundene en fantastisk opplevelse. Vi skal v√¶re innovative, kreative og gj√∏re v√•rt for √• ta vare p√• planeten v√•r.Fris√∏rer
V√•re h√∏yt kvalifiserte fris√∏rer tilbyr en skreddersydd behandling i et vakkert og avslappende milj√∏. Fris√∏rene v√•re er spesialister p√• klipp- og fargebehandlinger, og har en rungende lidenskap for h√•r og mote.
Salongen:
R√∏tter skal v√¶re et fristed i en stressende hverdag. Med v√•re gr√∏nne elementer, fokus p√• velv√¶re og v√•re fantastiske fris√∏rer √∏nsker vi √• skape en f√∏lelse av sinnsro n√•r kunden er hos oss. Kunden skal f√∏le seg ivaretatt og fornyet i en behagelig atmosf√¶re.
Produkter
Vi har b√¶rekraftige og naturlige produkter som Davines, Eleven Australia og Kevin Murphy.","Vi utvider R√∏tter-teamet og s√∏ker motiverte fris√∏rer som vil pushe kreative grenser og bli de beste i faget.
Har du sp√∏rsm√•l om stillingen?
Kontakt Marita
Mail: roetter@ethaarstudio.no
Telefon: 55 23 22 92
Markeveien 10, 5012 Bergen
Om oss:
R√∏tter er et spennende fris√∏rkonsept, hvor fokuset er √• gi kundene en fantastisk opplevelse. Vi skal v√¶re innovative, kreative og gj√∏re v√•rt for √• ta vare p√• planeten v√•r.Fris√∏rer
V√•re h√∏yt kvalifiserte fris√∏rer tilbyr en skreddersydd behandling i et vakkert og avslappende milj√∏. Fris√∏rene v√•re er spesialister p√• klipp- og fargebehandlinger, og har en rungende lidenskap for h√•r og mote.
Salongen:
R√∏tter skal v√¶re et fristed i en stressende hverdag. Med v√•re gr√∏nne elementer, fokus p√• velv√¶re og v√•re fantastiske fris√∏rer √∏nsker vi √• skape en f√∏lelse av sinnsro n√•r kunden er hos oss. Kunden skal f√∏le seg ivaretatt og fornyet i en behagelig atmosf√¶re.
Produkter
Vi har b√¶rekraftige og naturlige produkter.",S√∏k snarest mulig,Fris√∏r,Etter avtale,"Fast, heltid 100%","Vakt, dagtid og kveld, ukedager og l√∏rdag",Norsk,2,Kontaktperson for stillingenAnette eller Vien Ledere55 232292Kopier telefonnummerroetter@ethaarstudio.noKopier e-postadresse,2776642,Stillingsregistrering,78bca621-58b4-4075-b785-d11a1bc1717e
https://arbeidsplassen.nav.no/stillinger/stilling/a6bf31ce-97b8-4534-85bb-590e6882f834,2024-10-25 23:29:20,a6bf31ce-97b8-4534-85bb-590e6882f834,kokk,Asian Box As,"sporveisgata 35 b, 0354 Oslo, Hjemmekontor ikke mulig","vi s√∏ker n√• en ekstrahjelp kokk og heltid kokk
vi er en voksende bedrift, som gjerne ansetter fulltid for den rette personen.
vi legger vekt p√•:
-innsikt i varekost
-jobb selvstendig
-kreativ
-godt hum√∏r
erfaring fra fine dining eller catering
har du disse kvalifikasjonene er du kanskje den rette :)","Vi er en restaurant med 100 sitteplasser tillegg til en hyggelig bakg√•rd p√• sommeren.
Vi ligger en steinkast fra bogstadveien.
V√•r mat konsept er asiatisk fusion med franske innspill.
ta en titt p√• v√•r hjemmeside www.asianbox.no
eller v√•r instagram asianbox.no asiancrossover",S√∏k snarest mulig,A la carte Chef,Etter avtale,"Fast, heltid 100% og deltid 50%","Skift, kveld og dagtid, alle dager","Engelsk, skandinavisk eller norsk",1,Kontaktperson for stillingenjohnny wudaglig leder97987517Kopier telefonnummerjohnnyscatering@gmail.comKopier e-postadresse,2776629,Stillingsregistrering,a6bf31ce-97b8-4534-85bb-590e6882f834
https://arbeidsplassen.nav.no/stillinger/stilling/332a7774-8cb3-4da0-a878-04889907e367,2024-10-25 23:29:21,332a7774-8cb3-4da0-a878-04889907e367,fulltid servit√∏r,Asian Box As,"sporveisgata 35 b, 0354 Oslo, Hjemmekontor ikke mulig","vi s√∏ker n√• en fulltid servit√∏r og deltid 50%
du m√• ha minst 2-4 √•rs erfaring fra restaurant bransjen","Vi er en restaurant med 100 sitteplasser tillegg til en hyggelig bakg√•rd p√• sommeren.
Vi ligger en steinkast fra bogstadveien.
V√•r mat konsept er asiatisk fusion med franske innspill.
ta en titt p√• v√•r hjemmeside www.asianbox.no
eller v√•r instagram asianbox.no asiancrossover",S√∏k snarest mulig,Servit√∏r,Etter avtale,"Fast, heltid 100% og deltid 50%","Skift, kveld og dagtid, alle dager","Norsk, engelsk eller skandinavisk",2,Kontaktperson for stillingenjohnny wudaglig leder97987517Kopier telefonnummerjohnnyscatering@gmail.comKopier e-postadresse,2776628,Stillingsregistrering,332a7774-8cb3-4da0-a878-04889907e367
https://arbeidsplassen.nav.no/stillinger/stilling/b6f5ff53-0783-411d-833e-0a10a97fce79,2024-10-25 23:29:23,b6f5ff53-0783-411d-833e-0a10a97fce79,Fagleder IKT,Direktoratet for samfunnssikkerhet og beredskap,9441 Fjelldal,"Vil du lede og videreutvikle en knallgod IKT-tjeneste for v√•r skoledrift? Brann- og redningsskolen s√∏ker en erfaren fagleder for IKT med sterke lederegenskaper og evne til √• motivere og utvikle sine medarbeidere. Vi er ute etter deg som er serviceinnstilt og setter brukertilfredshet h√∏yt.  Vi legger vekt p√• tverrfaglighet og tett samarbeid mellom skolens seksjoner. Du m√• kunne sette skolens helhetlige samfunnsoppdrag i fokus, og ditt arbeid vil bidra til at Brann- og redningsskolen leverer utdanning i tr√•d med gjeldende fagplaner og av h√∏y pedagogisk kvalitet.¬†¬† Ansvar og arbeidsoppgaveroverordnet ansvar for leveranse av IKT-tjenester som st√∏tter skoledriftenlede og utvikle brukerst√∏tteteamet for √• sikre h√∏y faglighet p√• brukerst√∏tteimplementere og f√∏lge beste praksis innen serviceledelse (ITIL)sikre h√∏y brukertilfredshet gjennom effektiv saksbehandling og rask respons p√• henvendelseransvarlig for kontinuerlig forbedring av interne prosesserrapportering og oppf√∏lging av driftsstatus og serviceleveranserforvaltning og drift av skolens Microsoft 365-l√∏sninger ¬† Kvalifikasjoner Du m√• ha:relevant utdanning innen IKT, informasjonsteknologi eller beslektede fagomr√•der (minimum bachelor)erfaring med √• lede et team innen IKT-support eller brukerst√∏tteerfaring med serviceledelse og implementering av ITIL-prosessergod kjennskap til bruk av digitale l√∏sninger for brukerst√∏tte og incident management (ISTM-l√∏sninger)god teknisk forst√•else for nettverk, PC-er, servere, skyl√∏sninger og applikasjonsdriftgod skriftlig og muntlig formidlingsevne p√• norsk og engelsk ¬† Personlige egenskaper:strukturertgode samarbeidsevnerm√•lbevisstrelasjonsbyggergjennomf√∏ringsevne ¬† Vi √∏nsker at du har:kurs og sertifiseringer innen ITIL eller tilsvarende serviceledelsesrammeverk er en fordelkurs eller sertifiseringer knyttet til Microsoft 365 er en fordel ¬† Om seksjonen¬†¬†¬†  Stillinga er plassert i Seksjon administrasjon- og virksomhetsstyring. Seksjonen har 25 ansatte med ansvar for virksomhetsstyring, √∏konomi, kurs- og studieadministrasjon, servicetorg, IKT, HR, kommunikasjon, kvalitet og HMS. Vi yter stabsst√∏tte p√• tvers av virksomheten og samarbeider tett med kolleger i seksjonen, p√• skolen, i DSB og eksterne akt√∏rer. Fagmilj√∏et innen IKT best√•r av deg og to IKT-konsulenter. Du vil f√• fagansvar for IKT-tjenesten. ¬† Om Brann- og redningsskolen¬†¬†  Brann- og redningsskolens oppdrag er √• utdanne det beste personellet til landets brann- og redningsvesen og n√∏dmeldesentraler. Vi tilbyr et bredt utvalg av kurs, blant annet i brann og redning, forebygging, n√∏dalarmering, oljevern og ledelse. I januar √•pnet vi en to√•rig fagskoleutdanning for de som skal jobbe heltid i beredskap, med forebyggende brannvern eller som operat√∏r p√• en n√∏dmeldesentral for brann og redning. Skolen er en del av Direktoratet for samfunnssikkerhet og beredskap (DSB).¬†¬† Vi bygger n√• opp et solid fagmilj√∏ ved skolen og er p√• utkikk etter kolleger med ulik kompetanse. Som ansatt hos oss er det store muligheter for kompetanseheving og faglig utvikling i √•rene som kommer.¬†¬† Brann- og redningsskolen ligger i Tjeldsund kommune mellom Harstad og Narvik. Skolen tar √•rlig imot 160 heltidsstudenter og over 1 000 kursdeltakere. Sammen skal vi bidra til at landets brann- og redningsvesen har mot til √• t√∏rre, og kunnskap til √• handle, n√•r det virkelig gjelder.¬†¬† Les mer p√• Brann- og redningsskolens hjemmeside. Kontaktperson: seksjonssjef Veronika Solvang, e-post Veronika.Solvang@dsb.no og mobil 414 66 672. ¬† Hos oss f√•r du√•rsl√∏nn fra kr 509 300 ‚Äì 692 400 (l√∏nnstrinn 51-70) i stillingskode 1434 r√•dgiver eller √•rsl√∏nn fra kr 615 700 ‚Äì 845 900(l√∏nnstrinn 63 - 79) i stillingskode 1364 seniorr√•dgiverv√¶re med p√• et viktig samfunnsoppdrag¬†medlemskap i Statens pensjonskasse (SPK). Som medlem f√•r du sv√¶rt gode pensjons-, forsikrings- og boligl√•nsordninger. Les mer om medlemsfordelene p√• www.spk.no ¬†¬†¬†¬†fleksibel arbeidstid¬†¬†¬†mulighet for √• trene i arbeidstiden og tilgang p√• styrkerom og gymsal.tilrettelagt for mobilt kontor n√•r det er hensiktsmessig¬† ¬† Offentlig s√∏kerliste¬†  Vi utarbeider offentlig s√∏kerliste ved s√∏knadsfristens utl√∏p. Opplysninger om s√∏keren kan bli offentliggjort selv om s√∏keren har bedt om √• ikke bli f√∏rt opp p√• s√∏kerlisten, jf. Offentlighetsloven ¬ß25.¬†¬†  ¬†¬† Praktisk informasjon om s√∏knadsprosessen ¬† Gjennom b√•de s√∏knadsbrev og CV m√• du vise hvordan kompetansen din fyller de kvalifikasjonskravene som er beskrevet i utlysningen. Det er viktig at du registrerer all relevant utdanning og erfaring i profilen du oppretter i rekrutteringssystemet. I tillegg ber vi om at du laster opp b√•de s√∏knadsbrev og CV som vedlegg i PDF-format. Det vil bli vurdert √• gjennomf√∏re bakgrunnssjekk. Interne s√∏kere m√• sende inn s√∏knaden i DF√ò HR.",,S√∏k senest onsdag 13. november,,,"Fast, heltid 100%","Dagtid, ukedager",Norsk eller engelsk,1,Kontaktperson for stillingenVeronika Solvang76919000Kopier telefonnummerVERONIKA.SOLVANG@DSB.NOKopier e-postadresse,2776627,sap,"BRSK, AOV 1126"
https://arbeidsplassen.nav.no/stillinger/stilling/af286c38-09e8-47f4-b2ad-46164603a901,2024-10-25 23:29:24,af286c38-09e8-47f4-b2ad-46164603a901,Fagansvarlig Statsautorisert Regnskapsf√∏rer,Aver√∏y Regnskapslag A/l,"Aver√∏yveien 24, 6530 Aver√∏y, Hybridkontor","

Hva vi ser etter

Statsautorisert regnskapsf√∏rer med minimum 3 √•rs relevant erfaring

Solid kunnskap om norsk regnskapslovgivning, skatterett og avgiftsregler

Erfaring med bruk av √∏konomisystemer, gjerne Duett, Tripletex eller liknende

Gode kommunikasjonsferdigheter, b√•de muntlig og skriftlig

Evne til √• arbeide selvstendig og h√•ndtere flere oppgaver samtidig

Strukturert, n√∏yaktig og kvalitetsbevisst

Erfaring med r√•dgivning og kundekontakt



Arbeidsoppgaver
Som fagansvarlig vil du ha det overordnede ansvaret for faglig utvikling og kvalitetssikring innen regnskapsomr√•det. Du vil spille en n√∏kkelrolle i √• sikre at selskapet f√∏lger gjeldende lover og regler, samt bist√• v√•re kunder med regnskapstjenester, r√•dgivning og finansiell rapportering. Stillingen inneb√¶rer ogs√• ansvar for oppl√¶ring og oppf√∏lging av regnskapsf√∏rere i teamet.
Ansvarsomr√•der:

Faglig ansvar for regnskapstjenester og kvalitetssikring

Sikre at selskapet til enhver tid f√∏lger lover og forskrifter innen regnskapsf√∏ring

Utarbeidelse og gjennomgang av √•rsregnskap, skattemeldinger og andre lovp√•lagte oppgaver

R√•dgivning og bistand til kunder innen √∏konomistyring, budsjettering og likviditetsstyring

Oppl√¶ring og utvikling av kollegaer i regnskapsavdelingen

Bidra til utvikling av regnskapsfaglige rutiner og systemer



Vi tilbyr

En spennende og sentral stilling i et solid selskap i vekst

Mulighet til √• p√•virke og videreutvikle v√•r regnskapsavdeling

Konkurransedyktige betingelser og gode pensjons- og forsikringsordninger

Et inkluderende og hyggelig arbeidsmilj√∏

Gode utviklingsmuligheter, b√•de faglig og karrieremessig","Aver√∏y Regnskapslag SA er et frittst√•ende statsautorisert regnskapsf√∏rerselskap, som leverer h√∏ykompetente tjenester innen regnskap, √∏konomisk r√•dgivning og forretningsutvikling. Vi er i vekst og s√∏ker n√• en dyktig og erfaren statsautorisert regnskapsf√∏rer til rollen som fagansvarlig, for √• styrke v√•rt team og sikre kvalitet i v√•re tjenester.",S√∏k senest fredag 15. november,Fagansvarlig Statsautorisert Regnskapsf√∏rer,Etter avtale,"Fast, heltid 100%","Dagtid, ukedager",Norsk,1,Kontaktperson for stillingenVenko ShtrbevskiDaglig leder91998413Kopier telefonnummervenko@arl.noKopier e-postadresse,2776622,Stillingsregistrering,af286c38-09e8-47f4-b2ad-46164603a901
https://arbeidsplassen.nav.no/stillinger/stilling/bbcb2ff7-b4d8-4207-9d4c-39ee8387cb81,2024-10-25 23:29:25,bbcb2ff7-b4d8-4207-9d4c-39ee8387cb81,"Jobb hjemmefra som m√∏tebooker, tjen 1000-4000 kr per m√∏tebooking",Visdomsfabrikken As,"Vestland, Akershus, Oslo, Rogaland, Tr√∏ndelag, Innlandet, Agder, √òstfold, M√∏re og Romsdal, Buskerud, Vestfold, Nordland, Telemark, Troms, Finnmark, Hjemmekontor","

Hva vi ser etter

Selvg√•ende og resultatorientert.

Gode kommunikasjonsevner, b√•de muntlig og skriftlig.

Erfaring med m√∏tebooking eller salg er en fordel, men ikke et krav

God forst√•else for forretningsdrift og teknologi

Komfortabel med √• bruke telefon som hovedverkt√∏y



Arbeidsoppgaver

Ringe bedrifter som v√•re kunder har lagt inn i ringelisten

Be om et m√∏te med bedriftene p√• vegne av v√•re kunder

Booke om dersom deltager er forhindret



Vi tilbyr

Jobb hjemmefra

Du kan begynne dagen n√•r du selv m√•tte √∏nske

Velg selv hvor lenge du √∏nsker √• jobbe hver dag

God l√∏nn, flere jener over 6000 kr per dag","B2B Connect (eies av Visdomsfabrikken AS) er et innovativt og fremtidsrettet m√∏tebookingsbyr√•. V√•r tiln√¶rming til m√∏tebooking er basert p√• en kombinasjon av teknologi og digitale verkt√∏y. Som fagspesialister innen v√•rt segment har vi dybdekunnskap om bransjen og markedet.
Vi samarbeider tett med v√•re kunder for √• forst√• deres behov og √∏nsker, og jobber sammen for √• skape en effektiv og m√•lrettet strategi. Ved √• benytte oss av den nyeste teknologien og innovative metoder, sikrer vi en rask og effektiv prosess for v√•re kunder.",S√∏k snarest mulig,M√∏tebooker,1. november 2024,"Frilanser, deltid 2-99%","Dagtid, ukedager",Norsk,1,Kontaktperson for stillingenAnne Iversenpost@b2bconnect.noKopier e-postadresse,2776614,Stillingsregistrering,bbcb2ff7-b4d8-4207-9d4c-39ee8387cb81
https://arbeidsplassen.nav.no/stillinger/stilling/e78bcded-46a6-45ab-a4a2-c65ac76a26ab,2024-10-25 23:29:27,e78bcded-46a6-45ab-a4a2-c65ac76a26ab,Mystery Shopper og Alderskontroll√∏r Kirkenes,Better Business As Avd Nord Norge,"Storgata 2, 9900 Kirkenes, Hjemmekontor ikke mulig","

Hva vi ser etter
Vi s√∏ker deg som er:
N√∏yaktig
Oppmerksom
Selvstendig
Fleksibel
Som servicem√•ler m√• en ha god norsk muntlig og skriftlig fremstillingsevne. I tillegg m√• du ha f√∏rerkort klasse B og er glad i √• kj√∏re bil.


Arbeidsoppgaver
En mystery shopper opptrer som kunde i butikk, restaurant eller passasjer p√• ulike transportmidler der vi m√•ler serviceniv√•et. Etter gjennomf√∏rt m√•ling legges rapport inn digitalt.
En alderskontroll√∏r gjennomf√∏rer kj√∏p av aldersbestemte varer, for √• sjekke om betjeningen sp√∏r etter legitimasjon.


Vi tilbyr
Dette er en jobb som passer veldig godt i kombinasjon med studier eller andre jobber.","Better Business as er en ledende akt√∏r innen kontroll og svinnforebyggende tjenester. Vi bidrar til en sunn sikkerhetskultur og at deres verdier forblir i selskapet.
Samtidig har vi en passion for kundem√∏te! Vi elsker √• m√•le service, adferd og jobbe med utvikling av mennesker.
Etablert i 1996, og uf√∏rer m√•linger og kontroller over hele Norden.",S√∏k snarest mulig,Mystery shopper,Etter avtale,"Fast, deltid 5%","Skift, dagtid og kveld, ukedager og l√∏rdag",Norsk,2,Kontaktperson for stillingenMette KirkebyRegionssjef93228892Kopier telefonnummermette@betterbusiness.noKopier e-postadresse,2776610,Stillingsregistrering,e78bcded-46a6-45ab-a4a2-c65ac76a26ab
https://arbeidsplassen.nav.no/stillinger/stilling/59bd6d55-6321-4361-bd4c-3ac319ffd74f,2024-10-25 23:29:28,59bd6d55-6321-4361-bd4c-3ac319ffd74f,Helsesekret√¶r til Nordbyen legesenter,Nordbyen Legesenter,"Stakkevollveien 33, 9012 Troms√∏, Hjemmekontor ikke mulig","Nordbyen legesenter s√∏ker etter Helsesekret√¶r i vikariat. Oppstart og varighet etter avtale men fortrinnsvis snarlig oppstart med 6 m√•neders varighet. Mulighet for forlengelse for rett person.
Vi s√∏ker etter en hyggelig kollega til v√•rt hyggelige legekontor. Vi er lokalisert sentralt p√• Stakkevollveien i Troms√∏.
Sammen betjener vi totalt noe over 6000 pasienter og gj√∏r v√•rt ytterste for √• tilby gode tjenester i et hyggelig milj√∏. Det er viktig for oss √• holde et h√∏yt faglig niv√•, holde oss oppdatert og yte det beste for v√•re pasienter. Derfor har vi regelmessig fagdager og internundervisning. God kommunikasjon og godt samhold mellom v√•re ansatte er ogs√• h√∏yt prioritert. Vi skal ha det fint p√• jobb. Vi har personalm√∏te hver uke og vi har tradisjon for √• arrangere sosiale sammenkomster et par ganger i √•ret, i tillegg til at vi bruker √• reise p√• en tur sammen til inn- eller utland ca annet hvert √•r.
Vil du v√¶re en del av v√•r arbeidsplass?
Arbeidsoppgaver

Betjene ekspedisjonen

Betjene telefonen

Generelt sekret√¶rarbeid

Holde hjemmesiden oppdatert, diverse dataarbeid

Laboratoriearbeid med pr√∏vetakning og analyser av bla blodpr√∏ver, urinpr√∏ver, ekg, spirometri mm.

S√•rskift

St√∏ttefunksjon for lege p√• skiftestue ved sm√•kirurgi, akutt syke pasienter mm

Alle v√•re sekret√¶rer har egne ansvarsomr√•der der de har s√¶rlige oppgaver slik som for eksempel data, varebestillinger, medisinrom, hjemmeside mm. Du vil ogs√• f√• ditt eget ansvarsomr√•de etterhvert.

Formelle kvalifikasjoner

Autorisert helsesekret√¶r eller helsefagarbeider. Da personlig egnethet vil vektlegges i stor grad kan ogs√• s√∏kere med annen relevant helse- og/eller kontorfaglig bakgrunn vurderes og er velkommen til √• s√∏ke.

Gode muntlig og skriftlige norskkunnskaper

√ònskede kvalifikasjoner

Gode samarbeidsevner -du blir en del av et team.

Mulighet for √• arbeide strukturert og m√•lrettet

Effektiv

Samvittighetsfull

Serviceinnstilt

Hyggelig, smilende og glad i √• jobbe med mennesker

Gode datakunnskaper

Vi tilbyr

En spennende arbeidshverdag med varierte oppgaver, hyggelige kolleger og pasienter.

Konkurransedyktig l√∏nn

""8-4 jobb"" med fri i helger og helligdager","Nordbyen legesenter ligger sentralt p√• Stakkevollveien i Troms√∏.
Per i dag er det en 6 legers praksis med 4 helsesekret√¶rstillinger.
Gode bussforbindelser. Gratis ansatteparkering.
Utdanningskontor med leger i spesialisering, legestudenter og tidvis helsesekret√¶relever i praksis.",S√∏k senest fredag 15. november,Helsesekret√¶r,Etter avtale,"Vikariat, heltid 100%","Dagtid, ukedager",Norsk,1,Kontaktperson for stillingenLise Johansen Personalansvarlig lege+4799711179Kopier telefonnummerlisezimowski@hotmail.comKopier e-postadresse,2776607,Stillingsregistrering,59bd6d55-6321-4361-bd4c-3ac319ffd74f
https://arbeidsplassen.nav.no/stillinger/stilling/d3ebab08-df9a-4421-b097-98cba3b74874,2024-10-25 23:29:30,d3ebab08-df9a-4421-b097-98cba3b74874,Mystery Shopper og Alderskontroll√∏r Alta,Pegasus Kontroll As Nord Norge,"Alta, Finnmark, Hjemmekontor ikke mulig","

Hva vi ser etter
Vi s√∏ker deg som er:
N√∏yaktig
Oppmerksom
Selvstendig
Fleksibel
Som servicem√•ler m√• en ha god norsk muntlig og skriftlig fremstillingsevne. I tillegg m√• du ha f√∏rerkort klasse B og er glad i √• kj√∏re bil.


Arbeidsoppgaver
En mystery shopper opptrer som kunde i butikk, restaurant eller passasjer p√• ulike transportmidler der vi m√•ler serviceniv√•et. Etter gjennomf√∏rt m√•ling legges rapport inn digitalt.
En alderskontroll√∏r gjennomf√∏rer kj√∏p av aldersbestemte varer, for √• sjekke om betjeningen sp√∏r etter legitimasjon.


Vi tilbyr
Dette er en jobb som passer veldig godt i kombinasjon med studier eller andre jobber.","Better Business as er en ledende akt√∏r innen kontroll og svinnforebyggende tjenester. Vi bidrar til en sunn sikkerhetskultur og at deres verdier forblir i selskapet.
Samtidig har vi en passion for kundem√∏te! Vi elsker √• m√•le service, adferd og jobbe med utvikling av mennesker.
Etablert i 1996, og uf√∏rer m√•linger og kontroller over hele Norden.",S√∏k snarest mulig,Mystery shopper,Etter avtale,"Fast, deltid 5%","Skift, dagtid og kveld, ukedager og l√∏rdag",Norsk,2,Kontaktperson for stillingenMette KirkebyRegionssjef93228892Kopier telefonnummermette@betterbusiness.noKopier e-postadresse,2776605,Stillingsregistrering,d3ebab08-df9a-4421-b097-98cba3b74874
https://arbeidsplassen.nav.no/stillinger/stilling/b8bb9814-9b07-4a2c-859e-8c5b2fbb364f,2024-10-25 23:29:31,b8bb9814-9b07-4a2c-859e-8c5b2fbb364f,B2B Salgsekspert - M√∏tebooking og relasjonsbygger i Bergen,Phonero As,"Inger Bang Lunds vei 12, 5059 Bergen, Hjemmekontor ikke mulig","Vil du bli en viktig del av et sterkt B2B salgsteam i Phonero, se her!
I rollen som Account manager vil dine oppgaver bli at ta kontakt med bedrifter, bygge en relasjon og booke inn et m√∏te. Du blir ansvarlig for hele prosessen fra start til slut. Du f√•r selvf√∏lgelig hjelp ifra ledere som er ekspert p√• produktene og som blir med ut i m√∏te. Too good to be true? Ja kanskje, men en fantastisk mulighet for den som √∏nsker at l√¶re mer.
Vi skreddersyr telefonil√∏sninger til sm√• og mellomst√∏rre bedrifter. F√∏rste steget i salgsprosessen blir m√∏tebooking, og etter det ut i fysiske m√∏ter. Du vil ha selvstendig ansvar for oppf√∏lging av egne kunder og derfor blir det viktig at du er en strukturert person.
Du er velkommen at s√∏ke hos oss uansett om du har jobbet med salg i flere √•r eller er i starten av din salgskarriere. Vi tilbyr grundig oppl√¶rling og tett oppf√∏lging for at du skal lykkes best mulig.
Vi tilbyr:
¬∑ Vi investerer i deg, oppl√¶ring, coaching og mye faglig utvikling
¬∑ Du f√•r l√∏pende oppf√∏lging av erfarne ledere
¬∑ Workshops og kursing med jevne mellomrom
¬∑ Fine kontor - Mulighet til hybrid l√∏sning
Vi s√∏ker deg som er:
¬∑ Utadvendt, reflektert og ansvarsbevisst person
¬∑ Gode kommunikasjonsferdigheter
¬∑ L√∏sningsfokusert
¬∑ Erfaren fra arbeidslivet og B2B-markedet
¬∑ Proaktiv holdning og glad i √• prata med mennesker
¬∑ Har gode kommunikasjonsevner p√• norsk, b√•de muntlig og skriftlig
¬∑ Komfortabel med √• bruke telefon og PC som arbeidsverkt√∏y
¬∑ Drives av provisjonsbasert l√∏nn
Arbeidstid: Kl. 08.00-16.00","Phonero gj√∏r mobiltelefoni enkelt og rimelig for norske bedrifter og offentlig sektor. Vi tilbyr fleksible abonnement, markedets beste kostnadskontroll og overlegne tjenester.
Phonero ble etablert i 2008 og er i dag en del av Telia Norge. Vi gj√∏r mobiltelefoni enklere og rimeligere for norske bedrifter og offentlig sektor. Vi mener at kundetilfredshet er n√∏kkelen til suksess, og vi er opptatt av at alle v√•re ansatte deler v√•r lidenskap for √• skape gode opplevelser.",S√∏k senest fredag 15. november,Account Manager Business-to Business,Etter avtale,"Fast, heltid 100%","Vakt, dagtid, ukedager",Norsk eller skandinavisk,2,Kontaktperson for stillingenMikaelaRekrutteringsansvarlig98909881Kopier telefonnummermikaela@rupanicom.noKopier e-postadresse,2776603,Stillingsregistrering,b8bb9814-9b07-4a2c-859e-8c5b2fbb364f
https://arbeidsplassen.nav.no/stillinger/stilling/1e1bacde-dfd8-4aff-9b48-ac050633bfb4,2024-10-25 23:29:32,1e1bacde-dfd8-4aff-9b48-ac050633bfb4,Mysteryshopper/Alderskontroll√∏r Harstad,Pegasus Kontroll As Avd Nord-Norge,"Harstad, Hjemmekontor ikke mulig","

Hva vi ser etter
Vi s√∏ker deg som er:
N√∏yaktig
Oppmerksom
Selvstendig
Fleksibel
I tillegg m√• du ha f√∏rerkort klasse B.


Arbeidsoppgaver
Pegasus Kontroll AS gjennomf√∏rer kontroller og m√•linger, som skal gj√∏re kundene v√•re best p√• sikkerhet og service. Vil du v√¶re med p√• laget?
Vi er p√• jakt etter nye mystery shoppere og alderskontroll√∏rer i Harstad.
En alderskontroll√∏r gjennomf√∏rer kj√∏p av aldersbestemte varer, for √• sjekke om betjeningen sp√∏r etter legitimasjon.
En mystery shopperoppf√∏rer seg som vanlig kunde i butikker, og observerer kundeservicen og skriver en utfyllende rapport om opplevelsen etterp√•.


Vi tilbyr
Dette er en jobb som passer godt √• kombinere med studier eller annet. Du vil f√• tilgang til bil, og f√• kj√∏re mye og se mye fin natur og mange nye steder.","Better Business as er en ledende akt√∏r innen kontroll og svinnforebyggende tjenester. Vi bidrar til en sunn sikkerhetskultur og at deres verdier forblir i selskapet.
Samtidig har vi en passion for kundem√∏te! Vi elsker √• m√•le service, adferd og jobbe med utvikling av mennesker.
Etablert i 1996, og uf√∏rer m√•linger og kontroller over hele Norden.",S√∏k snarest mulig,Mystery shopper,Etter avtale,"Fast, deltid 10%","Skift, dagtid og kveld, ukedager og l√∏rdag",Norsk,2,Kontaktperson for stillingenMette KirkebyRegionssjef93228892Kopier telefonnummermette@betterbusiness.noKopier e-postadresse,2776596,Stillingsregistrering,1e1bacde-dfd8-4aff-9b48-ac050633bfb4
https://arbeidsplassen.nav.no/stillinger/stilling/b5fe26fc-8cf5-469a-a01c-0f8a10d804cf,2024-10-25 23:29:33,b5fe26fc-8cf5-469a-a01c-0f8a10d804cf,Mystery Shopper og Alderskontroll√∏r Troms√∏,Better Business As Avd Nord Norge,"Troms√∏, Hjemmekontor ikke mulig","

Hva vi ser etter
Vi s√∏ker deg som er:
N√∏yaktig
Oppmerksom
Selvstendig
Fleksibel
Som servicem√•ler m√• en ha god norsk muntlig og skriftlig fremstillingsevne. I tillegg m√• du ha f√∏rerkort klasse B og er glad i √• kj√∏re bil.


Arbeidsoppgaver
En mystery shopper opptrer som kunde i butikk, restaurant eller passasjer p√• ulike transportmidler der vi m√•ler serviceniv√•et. Etter gjennomf√∏rt m√•ling legges rapport inn digitalt.
En alderskontroll√∏r gjennomf√∏rer kj√∏p av aldersbestemte varer, for √• sjekke om betjeningen sp√∏r etter legitimasjon.


Vi tilbyr
Dette er en jobb som passer veldig godt i kombinasjon med studier eller andre jobber.","Better Business as bidrar til en sunn sikkerhetskultur og at deres verdier forblir i selskapet.
Samtidig har vi en passion for kundem√∏te! Vi elsker √• m√•le service, adferd og jobbe med utvikling av mennesker.
Etablert i 1996, og uf√∏rer m√•linger og kontroller over hele Norden.",S√∏k snarest mulig,Mystery shopper,Etter avtale,"Fast, deltid 10%","Skift, dagtid og kveld, ukedager og l√∏rdag",Norsk,3,Kontaktperson for stillingenMette KirkebyRegionssjef93228892Kopier telefonnummermette@betterbusiness.noKopier e-postadresse,2776591,Stillingsregistrering,b5fe26fc-8cf5-469a-a01c-0f8a10d804cf
https://arbeidsplassen.nav.no/stillinger/stilling/4745b6a1-c251-4f2a-9404-92040cce8df2,2024-10-25 23:29:34,4745b6a1-c251-4f2a-9404-92040cce8df2,Mysteryshopper/Alderskontroll√∏r,Better Business as Avd Rogaland,"Rogaland, Hjemmekontor ikke mulig","

Hva vi ser etter
Vi s√∏ker deg som er:
N√∏yaktig
Oppmerksom
Selvstendig
Fleksibel
Som servicem√•ler m√• en ha god norsk muntlig og skriftlig fremstillingsevne. I tillegg m√• du ha f√∏rerkort klasse B og er glad i √• kj√∏re bil.


Arbeidsoppgaver
Better Business AS gjennomf√∏rer kontroller og m√•linger som skal gj√∏re kundene v√•re best p√• sikkerhet og service! Vil du v√¶re med p√• laget?
Vi har f√•tt nye, spennende oppdrag hos flere kunder og er p√• jakt etter nye mysteryshoppere og alderskontroll√∏rer i Stavanger omr√•det.
En mystery shopper opptrer som kunde i butikk, restaurant eller passasjer p√• ulike transportmidler der vi m√•ler serviceniv√•et. Etter gjennomf√∏rt m√•ling legges rapport inn digitalt.
En alderskontroll√∏r gjennomf√∏rer kj√∏p av aldersbestemte varer, for √• sjekke om betjeningen sp√∏r etter legitimasjon.


Vi tilbyr
Dette er en jobb som passer veldig godt i kombinasjon med studier eller andre jobber.
Vi har bil, men du m√• ha f√∏rerkort klasse B.","Better Business er en ledende akt√∏r innen kontroll og svinnforebyggende tjenester. Vi bidrar til en sunn sikkerhetskultur og at deres verdier forblir i selskapet.
Samtidig har vi en passion for kundem√∏te! Vi elsker √• m√•le service, adferd og jobbe med utvikling av mennesker.
Etablert i 1996, og uf√∏rer m√•linger og kontroller over hele Norden.",S√∏k snarest mulig,Mysteryshopper/Alderskontroll√∏r,Etter avtale,"Fast, deltid 10%","Turnus, dagtid og kveld, ukedager og l√∏rdag",Norsk,2,Kontaktperson for stillingenMette KirkebyRegionssjef93228892Kopier telefonnummermette@betterbusiness.noKopier e-postadresse,2776584,Stillingsregistrering,4745b6a1-c251-4f2a-9404-92040cce8df2
